player,Total_Balls,Risk_Score,Risk_Level
V Kohli,6236,62.36,High
S Dhawan,5483,54.83,High
RG Sharma,5183,51.83,High
DA Warner,4849,48.49,High
R Ashwin,4679,46.79,High
SK Raina,4177,41.77,High
SP Narine,4146,41.46,High
B Kumar,4060,40.6,High
MS Dhoni,3947,39.47,High
RV Uthappa,3927,39.27,High
RA Jadeja,3895,38.95,High
PP Chawla,3895,38.95,High
AM Rahane,3858,38.58,High
KD Karthik,3687,36.87,High
YS Chahal,3628,36.28,High
KL Rahul,3578,35.78,High
G Gambhir,3524,35.24,High
CH Gayle,3516,35.16,High
Harbhajan Singh,3496,34.96,High
AT Rayudu,3490,34.9,High
AB de Villiers,3487,34.87,High
A Mishra,3444,34.44,High
F du Plessis,3435,34.35,High
DJ Bravo,3296,32.96,High
MK Pandey,3288,32.88,High
SV Samson,3270,32.7,High
UT Yadav,3190,31.9,High
JJ Bumrah,3185,31.85,High
AR Patel,3152,31.52,High
SL Malinga,2974,29.74,High
Sandeep Sharma,2925,29.25,High
Rashid Khan,2901,29.01,High
SR Watson,2892,28.92,High
P Kumar,2637,26.37,High
SS Iyer,2545,25.45,High
SA Yadav,2522,25.22,High
Mohammed Shami,2521,25.21,High
JC Buttler,2519,25.19,High
KA Pollard,2447,24.47,High
PA Patel,2442,24.42,High
Shubman Gill,2432,24.32,High
I Sharma,2429,24.29,High
TA Boult,2428,24.28,High
Q de Kock,2410,24.1,High
RA Jadeja,2378,23.78,High
WP Saha,2368,23.68,High
YK Pathan,2334,23.34,High
MM Sharma,2308,23.08,High
RR Pant,2296,22.96,High
JH Kallis,2291,22.91,High
HV Patel,2284,22.84,High
DW Steyn,2282,22.82,High
Z Khan,2276,22.76,High
BB McCullum,2272,22.72,High
M Vijay,2208,22.08,High
Yuvraj Singh,2207,22.07,High
JD Unadkat,2194,21.94,High
R Vinay Kumar,2186,21.86,High
KH Pandya,2183,21.83,High
DA Miller,2171,21.71,High
SR Watson,2137,21.37,High
IK Pathan,2113,21.13,High
Mohammed Siraj,2081,20.81,High
MA Agarwal,2081,20.81,High
SR Tendulkar,2044,20.44,High
N Rana,2015,20.15,High
SPD Smith,1999,19.99,High
Ishan Kishan,1991,19.91,High
SN Thakur,1979,19.79,High
A Nehra,1974,19.74,High
PP Ojha,1945,19.45,High
R Dravid,1918,19.18,High
SE Marsh,1913,19.13,High
K Rabada,1907,19.07,High
DS Kulkarni,1876,18.76,High
RP Singh,1874,18.74,High
GJ Maxwell,1842,18.42,High
V Sehwag,1833,18.33,High
HH Pandya,1814,18.14,High
JA Morkel,1807,18.07,High
DR Smith,1803,18.03,High
CH Morris,1801,18.01,High
JH Kallis,1799,17.99,High
Kuldeep Yadav,1786,17.86,High
RD Gaikwad,1781,17.81,High
AD Russell,1771,17.71,High
DL Chahar,1746,17.46,High
KS Williamson,1734,17.34,High
M Morkel,1699,16.99,High
RD Chahar,1697,16.97,High
AJ Finch,1696,16.96,High
JP Duminy,1680,16.8,High
R Bhatia,1661,16.61,High
RA Tripathi,1650,16.5,High
MEK Hussey,1648,16.48,High
CV Varun,1624,16.24,High
AB Dinda,1589,15.89,High
KA Pollard,1586,15.86,High
M Muralitharan,1581,15.81,High
L Balaji,1574,15.74,High
SK Trivedi,1557,15.57,High
AC Gilchrist,1555,15.55,High
DPMD Jayawardene,1522,15.22,High
KV Sharma,1520,15.2,High
AD Russell,1515,15.15,High
Shakib Al Hasan,1515,15.15,High
MK Tiwary,1489,14.89,Medium
HH Pandya,1485,14.85,Medium
Ravi Bishnoi,1460,14.6,Medium
Arshdeep Singh,1453,14.53,Medium
S Nadeem,1444,14.44,Medium
KC Sangakkara,1424,14.24,Medium
Mandeep Singh,1418,14.18,Medium
T Natarajan,1401,14.01,Medium
Avesh Khan,1390,13.9,Medium
MM Patel,1382,13.82,Medium
PJ Cummins,1370,13.7,Medium
MP Stoinis,1366,13.66,Medium
NV Ojha,1360,13.6,Medium
Mustafizur Rahman,1353,13.53,Medium
MJ McClenaghan,1346,13.46,Medium
KK Ahmed,1345,13.45,Medium
Imran Tahir,1340,13.4,Medium
SC Ganguly,1326,13.26,Medium
D Padikkal,1323,13.23,Medium
PP Shaw,1321,13.21,Medium
AR Patel,1318,13.18,Medium
MG Johnson,1301,13.01,Medium
SS Tiwary,1291,12.91,Medium
KH Pandya,1287,12.87,Medium
JP Faulkner,1287,12.87,Medium
TG Southee,1262,12.62,Medium
DJ Bravo,1247,12.47,Medium
S Badrinath,1245,12.45,Medium
S Kaul,1238,12.38,Medium
SM Curran,1234,12.34,Medium
M Prasidh Krishna,1231,12.31,Medium
SK Warne,1223,12.23,Medium
KK Nair,1192,11.92,Medium
YK Pathan,1184,11.84,Medium
M Kartik,1182,11.82,Medium
EJG Morgan,1181,11.81,Medium
DJ Hooda,1170,11.7,Medium
BJ Hodge,1153,11.53,Medium
N Pooran,1143,11.43,Medium
JM Bairstow,1132,11.32,Medium
SB Jakati,1101,11.01,Medium
DJ Hussey,1101,11.01,Medium
A Nortje,1097,10.97,Medium
YBK Jaiswal,1095,10.95,Medium
S Dube,1077,10.77,Medium
VR Aaron,1065,10.65,Medium
Washington Sundar,1064,10.64,Medium
JO Holder,1049,10.49,Medium
TM Dilshan,1047,10.47,Medium
KM Jadhav,1012,10.12,Medium
LH Ferguson,1002,10.02,Medium
S Gopal,1000,10.0,Medium
VR Iyer,1000,10.0,Medium
JC Archer,987,9.87,Medium
IK Pathan,985,9.85,Medium
SP Narine,984,9.84,Medium
A Kumble,983,9.83,Medium
MC Henriques,979,9.79,Medium
CA Lynn,974,9.74,Medium
GJ Maxwell,965,9.65,Medium
S Sreesanth,947,9.47,Medium
Iqbal Abdulla,943,9.43,Medium
R Sharma,935,9.35,Medium
SK Raina,930,9.3,Medium
Abhishek Sharma,925,9.25,Medium
MS Gony,925,9.25,Medium
DT Christian,922,9.22,Medium
B Lee,916,9.16,Medium
R Parag,909,9.09,Medium
PJ Sangwan,905,9.05,Medium
M Ashwin,898,8.98,Medium
NM Coulter-Nile,892,8.92,Medium
V Shankar,890,8.9,Medium
Yuvraj Singh,882,8.82,Medium
MA Starc,879,8.79,Medium
LMP Simmons,878,8.78,Medium
R Tewatia,866,8.66,Medium
RJ Harris,865,8.65,Medium
Y Venugopal Rao,865,8.65,Medium
M Vohra,863,8.63,Medium
SO Hetmyer,854,8.54,Medium
MM Ali,849,8.49,Medium
LRPL Taylor,847,8.47,Medium
ML Hayden,839,8.39,Medium
HH Gibbs,837,8.37,Medium
TU Deshpande,831,8.31,Medium
MP Stoinis,831,8.31,Medium
Tilak Varma,830,8.3,Medium
AB Agarkar,820,8.2,Medium
AD Mathews,807,8.07,Medium
MC Henriques,801,8.01,Medium
R Tewatia,788,7.88,Medium
S Aravind,788,7.88,Medium
AK Markram,787,7.87,Medium
DL Vettori,785,7.85,Medium
A Symonds,781,7.81,Medium
P Awana,774,7.74,Medium
CL White,774,7.74,Medium
MM Ali,770,7.7,Medium
B Sai Sudharsan,770,7.7,Medium
WD Parnell,758,7.58,Medium
KP Pietersen,758,7.58,Medium
MS Bisla,737,7.37,Medium
M Markande,737,7.37,Medium
P Negi,733,7.33,Medium
BA Stokes,723,7.23,Medium
BA Stokes,718,7.18,Medium
CJ Jordan,717,7.17,Medium
NLTC Perera,715,7.15,Medium
AJ Tye,714,7.14,Medium
JA Morkel,712,7.12,Medium
J Botha,709,7.09,Medium
JP Duminy,701,7.01,Medium
STR Binny,700,7.0,Medium
R Ashwin,698,6.98,Medium
R Dhawan,693,6.93,Medium
Harpreet Brar,692,6.92,Medium
GC Smith,691,6.91,Medium
DP Nannes,689,6.89,Medium
Shivam Mavi,687,6.87,Medium
Navdeep Saini,682,6.82,Medium
PV Tambe,674,6.74,Medium
SM Curran,673,6.73,Medium
DP Conway,669,6.69,Medium
Shakib Al Hasan,665,6.65,Medium
RK Singh,654,6.54,Medium
Harbhajan Singh,636,6.36,Medium
M Theekshana,631,6.31,Medium
JR Hazlewood,622,6.22,Medium
Yash Dayal,615,6.15,Medium
H Klaasen,613,6.13,Medium
STR Binny,611,6.11,Medium
LS Livingstone,609,6.09,Medium
KK Cooper,600,6.0,Medium
DE Bollinger,600,6.0,Medium
AD Mathews,599,5.99,Medium
K Gowtham,599,5.99,Medium
MR Marsh,593,5.93,Medium
AM Nayar,588,5.88,Medium
TL Suman,587,5.87,Medium
CH Gayle,584,5.84,Medium
PP Chawla,580,5.8,Medium
Harmeet Singh,574,5.74,Medium
ST Jayasuriya,573,5.73,Medium
AS Rajpoot,567,5.67,Medium
DR Smith,557,5.57,Medium
PWH de Silva,557,5.57,Medium
GJ Bailey,552,5.52,Medium
Azhar Mahmood,552,5.52,Medium
Shahbaz Ahmed,549,5.49,Medium
A Symonds,540,5.4,Medium
Basil Thampi,539,5.39,Medium
RM Patidar,534,5.34,Medium
SW Tait,534,5.34,Medium
MR Marsh,532,5.32,Medium
P Simran Singh,528,5.28,Medium
Umran Malik,519,5.19,Medium
BB Sran,516,5.16,Medium
Noor Ahmad,513,5.13,Medium
Mohsin Khan,507,5.07,Medium
A Badoni,505,5.05,Medium
M Pathirana,503,5.03,Medium
JM Sharma,501,5.01,Medium
E Lewis,499,4.99,Low
M Jansen,487,4.87,Low
A Singh,486,4.86,Low
M Manhas,486,4.86,Low
C Green,472,4.72,Low
IC Pandey,469,4.69,Low
RS Bopara,468,4.68,Low
Shahbaz Ahmed,467,4.67,Low
GB Hogg,466,4.66,Low
JD Ryder,466,4.66,Low
CR Woakes,463,4.63,Low
C Green,462,4.62,Low
C Sakariya,460,4.6,Low
JJ Roy,460,4.6,Low
Kartik Tyagi,458,4.58,Low
TM Head,458,4.58,Low
SN Khan,456,4.56,Low
RE van der Merwe,455,4.55,Low
AS Joseph,454,4.54,Low
Mujeeb Ur Rahman,452,4.52,Low
RR Powar,443,4.43,Low
MF Maharoof,441,4.41,Low
A Mishra,440,4.4,Low
Bipul Sharma,436,4.36,Low
CJ Anderson,436,4.36,Low
Gurkeerat Singh,436,4.36,Low
J Suchith,434,4.34,Low
PC Valthaty,432,4.32,Low
Yash Thakur,432,4.32,Low
Anureet Singh,430,4.3,Low
A Zampa,425,4.25,Low
Mukesh Kumar,420,4.2,Low
Mohammad Nabi,419,4.19,Low
VG Arora,418,4.18,Low
HM Amla,418,4.18,Low
TH David,417,4.17,Low
RP Meredith,415,4.15,Low
CH Morris,413,4.13,Low
M Shahrukh Khan,413,4.13,Low
Abdul Samad,408,4.08,Low
DT Christian,408,4.08,Low
Naveen-ul-Haq,407,4.07,Low
JP Faulkner,406,4.06,Low
OA Shah,405,4.05,Low
Harshit Rana,403,4.03,Low
CA Pujara,403,4.03,Low
SW Billings,399,3.99,Low
J Yadav,398,3.98,Low
BW Hilfenhaus,390,3.9,Low
DR Sams,389,3.89,Low
MK Lomror,389,3.89,Low
PD Salt,385,3.85,Low
DJ Hooda,384,3.84,Low
JP Behrendorff,379,3.79,Low
Ankit Sharma,375,3.75,Low
R McLaren,372,3.72,Low
VRV Singh,371,3.71,Low
MJ Santner,370,3.7,Low
JR Hopes,369,3.69,Low
AL Menaria,367,3.67,Low
NT Ellis,365,3.65,Low
J Botha,364,3.64,Low
AN Ahmed,362,3.62,Low
VY Mahesh,359,3.59,Low
PJ Cummins,359,3.59,Low
LR Shukla,358,3.58,Low
Rashid Khan,355,3.55,Low
SA Asnodkar,352,3.52,Low
RG Sharma,349,3.49,Low
KW Richardson,345,3.45,Low
L Ngidi,342,3.42,Low
Washington Sundar,341,3.41,Low
B Kumar,338,3.38,Low
GH Vihari,331,3.31,Low
GD McGrath,329,3.29,Low
AC Thomas,327,3.27,Low
LR Shukla,326,3.26,Low
NLTC Perera,326,3.26,Low
DB Ravi Teja,325,3.25,Low
DJ Hussey,323,3.23,Low
P Kumar,323,3.23,Low
RR Rossouw,321,3.21,Low
MV Boucher,318,3.18,Low
CJ Anderson,315,3.15,Low
UBT Chand,314,3.14,Low
JR Hopes,314,3.14,Low
A Mithun,312,3.12,Low
Azhar Mahmood,311,3.11,Low
Pankaj Singh,311,3.11,Low
S Sohal,311,3.11,Low
AD Mascarenhas,310,3.1,Low
JEC Franklin,309,3.09,Low
D Wiese,307,3.07,Low
SP Goswami,307,3.07,Low
SJ Srivastava,306,3.06,Low
KV Sharma,306,3.06,Low
BA Bhatt,303,3.03,Low
ST Jayasuriya,301,3.01,Low
Lalit Yadav,301,3.01,Low
P Negi,301,3.01,Low
Mukesh Choudhary,298,2.98,Low
PVD Chameera,297,2.97,Low
Lalit Yadav,294,2.94,Low
R Bhatia,290,2.9,Low
R Vinay Kumar,289,2.89,Low
BCJ Cutting,288,2.88,Low
WPUJC Vaas,288,2.88,Low
AP Tare,285,2.85,Low
SC Ganguly,280,2.8,Low
SM Pollock,280,2.8,Low
Akash Madhwal,279,2.79,Low
R Rampaul,278,2.78,Low
Abhishek Sharma,278,2.78,Low
Anuj Rawat,276,2.76,Low
KR Mayers,276,2.76,Low
TM Dilshan,275,2.75,Low
DJ Mitchell,274,2.74,Low
Joginder Sharma,272,2.72,Low
Shashank Singh,272,2.72,Low
VVS Laxman,271,2.71,Low
Y Nagar,271,2.71,Low
A Ashish Reddy,270,2.7,Low
AG Murtaza,269,2.69,Low
LS Livingstone,267,2.67,Low
DB Das,267,2.67,Low
CR Brathwaite,266,2.66,Low
Sohail Tanvir,265,2.65,Low
V Kohli,264,2.64,Low
Suyash Sharma,264,2.64,Low
S Badree,263,2.63,Low
N Wadhera,261,2.61,Low
M Kaif,258,2.58,Low
V Shankar,258,2.58,Low
B Chipli,256,2.56,Low
AA Chavan,255,2.55,Low
KR Sen,255,2.55,Low
R Powell,254,2.54,Low
TK Curran,252,2.52,Low
DJG Sammy,251,2.51,Low
LA Pomersbach,251,2.51,Low
CRD Fernando,249,2.49,Low
BAW Mendis,248,2.48,Low
PK Garg,247,2.47,Low
JDP Oram,244,2.44,Low
DJG Sammy,244,2.44,Low
Abishek Porel,244,2.44,Low
Vijaykumar Vyshak,243,2.43,Low
JD Ryder,241,2.41,Low
K Kartikeya,241,2.41,Low
T Stubbs,239,2.39,Low
K Goel,239,2.39,Low
AM Nayar,239,2.39,Low
BJ Hodge,238,2.38,Low
RN ten Doeschate,238,2.38,Low
Dhruv Jurel,237,2.37,Low
J Little,236,2.36,Low
R Sathish,236,2.36,Low
J Theron,235,2.35,Low
A Chandila,234,2.34,Low
C de Grandhomme,230,2.3,Low
C de Grandhomme,229,2.29,Low
SN Thakur,228,2.28,Low
Rahmanullah Gurbaz,228,2.28,Low
KC Cariappa,224,2.24,Low
Kuldeep Yadav,224,2.24,Low
JL Pattinson,222,2.22,Low
SB Styris,222,2.22,Low
JDS Neesham,222,2.22,Low
Y Venugopal Rao,222,2.22,Low
KP Appanna,222,2.22,Low
YA Abdulla,222,2.22,Low
DJ Willey,221,2.21,Low
Nithish Kumar Reddy,221,2.21,Low
S Tyagi,220,2.2,Low
SK Warne,219,2.19,Low
MN Samuels,219,2.19,Low
AA Jhunjhunwala,218,2.18,Low
TS Mills,218,2.18,Low
AF Milne,217,2.17,Low
JO Holder,217,2.17,Low
G Coetzee,216,2.16,Low
HV Patel,214,2.14,Low
M Ntini,213,2.13,Low
Karanveer Singh,213,2.13,Low
RS Bopara,213,2.13,Low
HR Shokeen,213,2.13,Low
MD Mishra,213,2.13,Low
VS Malik,212,2.12,Low
S Lamichhane,211,2.11,Low
UT Yadav,211,2.11,Low
V Pratap Singh,211,2.11,Low
S Kaushik,210,2.1,Low
K Rabada,207,2.07,Low
Rasikh Salam,207,2.07,Low
PBB Rajapaksa,201,2.01,Low
Harpreet Brar,201,2.01,Low
Parvez Rasool,200,2.0,Low
Mohammad Asif,199,1.99,Low
MJ Lumb,198,1.98,Low
MJ Guptill,197,1.97,Low
J Syed Mohammad,196,1.96,Low
A Ashish Reddy,196,1.96,Low
SMSM Senanayake,195,1.95,Low
Simarjeet Singh,193,1.93,Low
B Akhil,193,1.93,Low
SE Bond,191,1.91,Low
SM Katich,191,1.91,Low
R Sai Kishore,191,1.91,Low
R Dhawan,188,1.88,Low
AB McDonald,188,1.88,Low
MS Wade,185,1.85,Low
KL Nagarkoti,185,1.85,Low
Shahid Afridi,185,1.85,Low
N Rana,185,1.85,Low
YV Takawale,183,1.83,Low
CA Ingram,183,1.83,Low
IS Sodhi,182,1.82,Low
I Udana,182,1.82,Low
R Parag,181,1.81,Low
A Manohar,181,1.81,Low
KP Pietersen,180,1.8,Low
KMA Paul,180,1.8,Low
OC McCoy,180,1.8,Low
S Randiv,180,1.8,Low
FY Fazal,179,1.79,Low
KA Jamieson,179,1.79,Low
B Laughlin,179,1.79,Low
R McLaren,178,1.78,Low
Kamran Khan,177,1.77,Low
Atharva Taide,177,1.77,Low
D Brevis,176,1.76,Low
S Sandeep Warrier,176,1.76,Low
Akash Deep,175,1.75,Low
MN Samuels,174,1.74,Low
S Gopal,173,1.73,Low
Salman Butt,172,1.72,Low
N Thushara,172,1.72,Low
AS Raut,172,1.72,Low
SP Fleming,171,1.71,Low
JD Unadkat,170,1.7,Low
HF Gurney,169,1.69,Low
MG Johnson,168,1.68,Low
KS Bharat,168,1.68,Low
PA Reddy,167,1.67,Low
D Pretorius,166,1.66,Low
CK Langeveldt,165,1.65,Low
Swapnil Singh,165,1.65,Low
DW Steyn,163,1.63,Low
Fazalhaq Farooqi,162,1.62,Low
Anand Rajan,162,1.62,Low
AB Agarkar,160,1.6,Low
P Parameswaran,159,1.59,Low
HC Brook,159,1.59,Low
K Gowtham,159,1.59,Low
PD Collingwood,159,1.59,Low
DP Vijaykumar,159,1.59,Low
CM Gautam,158,1.58,Low
BE Hendricks,157,1.57,Low
Mohammad Nabi,157,1.57,Low
AM Salvi,156,1.56,Low
JEC Franklin,155,1.55,Low
N Jagadeesan,155,1.55,Low
LE Plunkett,154,1.54,Low
SB Bangar,153,1.53,Low
Umar Gul,153,1.53,Low
PC Valthaty,153,1.53,Low
Arshad Khan,153,1.53,Low
TL Suman,152,1.52,Low
J Fraser-McGurk,150,1.5,Low
B Stanlake,150,1.5,Low
FH Edwards,150,1.5,Low
GC Viljoen,146,1.46,Low
BJ Rohrer,146,1.46,Low
R Ravindra,146,1.46,Low
BCJ Cutting,146,1.46,Low
R Sathish,144,1.44,Low
RR Raje,144,1.44,Low
RE van der Merwe,144,1.44,Low
T Thushara,144,1.44,Low
C Munro,144,1.44,Low
AC Voges,143,1.43,Low
N Saini,143,1.43,Low
KM Asif,143,1.43,Low
Sikandar Raza,143,1.43,Low
DH Yagnik,142,1.42,Low
AS Roy,142,1.42,Low
Z Khan,141,1.41,Low
Akash Singh,141,1.41,Low
P Dogra,141,1.41,Low
S Ladda,141,1.41,Low
Mayank Dagar,138,1.38,Low
V Sehwag,138,1.38,Low
MM Sharma,137,1.37,Low
MN van Wyk,135,1.35,Low
MC Juneja,134,1.34,Low
SB Styris,134,1.34,Low
R Shepherd,133,1.33,Low
WG Jacks,133,1.33,Low
JC Archer,132,1.32,Low
P Amarnath,132,1.32,Low
Azmatullah Omarzai,131,1.31,Low
SS Cottrell,131,1.31,Low
R Shukla,130,1.3,Low
W Jaffer,129,1.29,Low
RT Ponting,129,1.29,Low
K Khejroliya,129,1.29,Low
RD Chahar,127,1.27,Low
MA Wood,127,1.27,Low
SD Hope,125,1.25,Low
Bipul Sharma,124,1.24,Low
MF Maharoof,124,1.24,Low
NK Patel,124,1.24,Low
AK Markram,123,1.23,Low
Sachin Baby,123,1.23,Low
Mohammed Siraj,122,1.22,Low
JE Taylor,122,1.22,Low
S Anirudha,121,1.21,Low
T Shamsi,120,1.2,Low
CR Brathwaite,120,1.2,Low
CJ Ferguson,119,1.19,Low
AD Hales,119,1.19,Low
Harpreet Singh,119,1.19,Low
Ashutosh Sharma,118,1.18,Low
DL Vettori,118,1.18,Low
Nithish Kumar Reddy,118,1.18,Low
Anmolpreet Singh,117,1.17,Low
S Dube,117,1.17,Low
M de Lange,116,1.16,Low
SM Pollock,116,1.16,Low
BB Samantray,116,1.16,Low
S Vidyut,115,1.15,Low
Shivam Sharma,114,1.14,Low
S Narwal,113,1.13,Low
AL Menaria,113,1.13,Low
SS Prabhudessai,113,1.13,Low
DS Kulkarni,113,1.13,Low
Ankit Soni,112,1.12,Low
RJ Harris,112,1.12,Low
Jaskaran Singh,111,1.11,Low
JDP Oram,110,1.1,Low
Aman Hakim Khan,109,1.09,Low
MA Starc,109,1.09,Low
A Raghuvanshi,109,1.09,Low
M Kartik,109,1.09,Low
TG Southee,108,1.08,Low
TK Curran,108,1.08,Low
SB Wagh,108,1.08,Low
A Choudhary,108,1.08,Low
SE Rutherford,107,1.07,Low
RJW Topley,107,1.07,Low
KMDN Kulasekara,107,1.07,Low
P Suyal,107,1.07,Low
P Sahu,107,1.07,Low
Ramandeep Singh,106,1.06,Low
RJ Quiney,105,1.05,Low
UT Khawaja,105,1.05,Low
MJ Henry,105,1.05,Low
N Burger,105,1.05,Low
D Wiese,105,1.05,Low
DJ Harris,103,1.03,Low
Shoaib Ahmed,103,1.03,Low
AB McDonald,103,1.03,Low
SL Malinga,103,1.03,Low
KJ Abbott,102,1.02,Low
DJM Short,102,1.02,Low
B Lee,102,1.02,Low
DJ Jacobs,101,1.01,Low
IR Jaggi,100,1.0,Low
MW Short,99,0.99,Low
SH Johnson,99,0.99,Low
AD Nath,99,0.99,Low
GHS Garton,97,0.97,Low
PR Shah,97,0.97,Low
RV Gomez,97,0.97,Low
MJ Clarke,96,0.96,Low
OF Smith,95,0.95,Low
MK Lomror,94,0.94,Low
JA Richardson,94,0.94,Low
M Morkel,93,0.93,Low
JDS Neesham,93,0.93,Low
SD Chitnis,92,0.92,Low
FA Allen,91,0.91,Low
AC Blizzard,91,0.91,Low
PD Collingwood,90,0.9,Low
DG Nalkande,89,0.89,Low
YS Chahal,89,0.89,Low
AA Jhunjhunwala,88,0.88,Low
AA Bilakhia,88,0.88,Low
Sikandar Raza,88,0.88,Low
S Nadeem,88,0.88,Low
Iqbal Abdulla,86,0.86,Low
WD Parnell,86,0.86,Low
Mohammad Hafeez,84,0.84,Low
Naman Dhir,84,0.84,Low
DJ Muthuswami,84,0.84,Low
VR Iyer,84,0.84,Low
Gagandeep Singh,84,0.84,Low
Arjun Tendulkar,83,0.83,Low
RN ten Doeschate,83,0.83,Low
Gurkeerat Singh,82,0.82,Low
S Rana,82,0.82,Low
Mohammed Shami,82,0.82,Low
Misbah-ul-Haq,82,0.82,Low
TA Boult,82,0.82,Low
CJ Jordan,81,0.81,Low
PWH de Silva,80,0.8,Low
JJ Bumrah,80,0.8,Low
JR Philippe,80,0.8,Low
AD Mascarenhas,79,0.79,Low
AJ Tye,79,0.79,Low
RP Singh,78,0.78,Low
M Klinger,78,0.78,Low
RR Sarwan,78,0.78,Low
Kamran Akmal,78,0.78,Low
R Sharma,77,0.77,Low
CR Woakes,77,0.77,Low
AP Majumdar,77,0.77,Low
MJ Santner,77,0.77,Low
MS Gony,76,0.76,Low
WA Mota,76,0.76,Low
MP Yadav,76,0.76,Low
RV Patel,76,0.76,Low
JJ van der Wath,76,0.76,Low
LJ Wright,75,0.75,Low
WA Mota,75,0.75,Low
PN Mankad,75,0.75,Low
NM Coulter-Nile,75,0.75,Low
A Chopra,75,0.75,Low
Yudhvir Singh,74,0.74,Low
TP Sudhindra,74,0.74,Low
RE Levi,74,0.74,Low
WPUJC Vaas,73,0.73,Low
Sandeep Sharma,73,0.73,Low
AP Dole,73,0.73,Low
MJ McClenaghan,73,0.73,Low
VR Aaron,73,0.73,Low
Y Nagar,72,0.72,Low
M Jansen,71,0.71,Low
LA Carseldine,71,0.71,Low
I Sharma,71,0.71,Low
KK Cooper,70,0.7,Low
M Rawat,70,0.7,Low
Anirudh Singh,69,0.69,Low
Ankit Sharma,69,0.69,Low
DNT Zoysa,69,0.69,Low
R Shepherd,68,0.68,Low
A Kamboj,68,0.68,Low
SM Harwood,67,0.67,Low
P Dubey,67,0.67,Low
K Goel,67,0.67,Low
HR Shokeen,67,0.67,Low
Arshad Khan,67,0.67,Low
Yashpal Singh,67,0.67,Low
A Flintoff,66,0.66,Low
MG Bracewell,66,0.66,Low
MJ Clarke,66,0.66,Low
DJ Willey,64,0.64,Low
RR Powar,64,0.64,Low
Mohammad Hafeez,63,0.63,Low
A Nehra,63,0.63,Low
O Thomas,63,0.63,Low
LJ Wright,63,0.63,Low
J Suchith,62,0.62,Low
DL Chahar,61,0.61,Low
AG Paunikar,61,0.61,Low
JW Hastings,61,0.61,Low
SK Trivedi,61,0.61,Low
V Viyaskanth,60,0.6,Low
AU Rashid,60,0.6,Low
SA Abbott,59,0.59,Low
TR Birt,59,0.59,Low
S Aravind,59,0.59,Low
TM Head,58,0.58,Low
M Siddharth,58,0.58,Low
Shivam Mavi,58,0.58,Low
Shoaib Malik,58,0.58,Low
SB Bangar,58,0.58,Low
Vishnu Vinod,58,0.58,Low
A Flintoff,57,0.57,Low
SP Jackson,57,0.57,Low
S Sreesanth,57,0.57,Low
ND Doshi,57,0.57,Low
B Akhil,57,0.57,Low
K Upadhyay,56,0.56,Low
AC Voges,56,0.56,Low
GD Phillips,55,0.55,Low
KA Jamieson,55,0.55,Low
SB Joshi,55,0.55,Low
WG Jacks,55,0.55,Low
Abdul Samad,55,0.55,Low
T Kohler-Cadmore,54,0.54,Low
DJ Thornely,54,0.54,Low
K Yadav,54,0.54,Low
KB Arun Karthik,53,0.53,Low
NS Naik,53,0.53,Low
RV Gomez,53,0.53,Low
R Rampaul,52,0.52,Low
KAJ Roach,52,0.52,Low
Ravi Bishnoi,52,0.52,Low
DJ Mitchell,51,0.51,Low
RJ Gleeson,51,0.51,Low
A Nortje,51,0.51,Low
D Salunkhe,51,0.51,Low
K Santokie,51,0.51,Low
M Ashwin,50,0.5,Low
OF Smith,50,0.5,Low
C Nanda,50,0.5,Low
AB Dinda,50,0.5,Low
L Balaji,50,0.5,Low
SC Kuggeleijn,50,0.5,Low
D Kalyankrishna,50,0.5,Low
CV Varun,49,0.49,Low
A Kumble,49,0.49,Low
Shoaib Malik,49,0.49,Low
MG Bracewell,49,0.49,Low
B Geeves,49,0.49,Low
Vivrant Sharma,49,0.49,Low
S Dhawan,49,0.49,Low
RJ Peterson,48,0.48,Low
GS Sandhu,48,0.48,Low
LH Ferguson,48,0.48,Low
DR Sams,48,0.48,Low
JM Kemp,47,0.47,Low
PJ Sangwan,47,0.47,Low
Anureet Singh,47,0.47,Low
KR Mayers,46,0.46,Low
Shahid Afridi,46,0.46,Low
Swapnil Singh,46,0.46,Low
CL White,46,0.46,Low
Shoaib Akhtar,46,0.46,Low
SE Rutherford,46,0.46,Low
MK Tiwary,45,0.45,Low
JPR Scantlebury-Searles,45,0.45,Low
L Ablish,45,0.45,Low
PP Ojha,45,0.45,Low
Ramandeep Singh,45,0.45,Low
M Markande,44,0.44,Low
DJ Thornely,44,0.44,Low
AJ Finch,44,0.44,Low
SM Boland,43,0.43,Low
D du Preez,43,0.43,Low
Sameer Rizvi,43,0.43,Low
RS Hangargekar,43,0.43,Low
AB Barath,43,0.43,Low
GH Vihari,43,0.43,Low
M Manhas,42,0.42,Low
CJ McKay,42,0.42,Low
LB Williams,42,0.42,Low
Arshdeep Singh,42,0.42,Low
MM Patel,41,0.41,Low
AS Rajpoot,41,0.41,Low
AUK Pathan,41,0.41,Low
AS Yadav,40,0.4,Low
Rasikh Salam,40,0.4,Low
KW Richardson,39,0.39,Low
PV Tambe,39,0.39,Low
KT Maphaka,39,0.39,Low
A Uniyal,38,0.38,Low
Navdeep Saini,38,0.38,Low
S Sriram,38,0.38,Low
B Sumanth,38,0.38,Low
J Yadav,38,0.38,Low
SD Chitnis,38,0.38,Low
L Wood,38,0.38,Low
L Ronchi,37,0.37,Low
Basil Thampi,37,0.37,Low
SR Tendulkar,37,0.37,Low
SSB Magala,37,0.37,Low
Imran Tahir,37,0.37,Low
M Vijay,37,0.37,Low
RG More,37,0.37,Low
T Henderson,36,0.36,Low
KA Maharaj,36,0.36,Low
PH Solanki,36,0.36,Low
BR Dunk,36,0.36,Low
R Ninan,36,0.36,Low
S Kaul,36,0.36,Low
Azmatullah Omarzai,34,0.34,Low
KL Nagarkoti,34,0.34,Low
Y Prithvi Raj,33,0.33,Low
S Chanderpaul,33,0.33,Low
P Dubey,33,0.33,Low
SZ Mulani,33,0.33,Low
Tanush Kotian,32,0.32,Low
PVD Chameera,32,0.32,Low
AS Joseph,32,0.32,Low
RJ Peterson,32,0.32,Low
VS Yeligati,32,0.32,Low
GD Phillips,31,0.31,Low
AF Milne,31,0.31,Low
PM Sarvesh Kumar,31,0.31,Low
C Sakariya,31,0.31,Low
AJ Turner,31,0.31,Low
Sohail Tanvir,31,0.31,Low
B Indrajith,31,0.31,Low
Sunny Singh,31,0.31,Low
NL McCullum,30,0.3,Low
M Muralitharan,30,0.3,Low
Joginder Sharma,30,0.3,Low
S Joseph,30,0.3,Low
MA Khote,30,0.3,Low
AS Raut,30,0.3,Low
BMAJ Mendis,30,0.3,Low
SB Jakati,30,0.3,Low
H Sharma,30,0.3,Low
TD Paine,29,0.29,Low
Naman Dhir,29,0.29,Low
JR Hazlewood,29,0.29,Low
AT Carey,29,0.29,Low
S Narwal,29,0.29,Low
D Jansen,28,0.28,Low
Mashrafe Mortaza,28,0.28,Low
D Pretorius,28,0.28,Low
VY Mahesh,28,0.28,Low
BMAJ Mendis,27,0.27,Low
RK Bhui,27,0.27,Low
J Syed Mohammad,27,0.27,Low
JA Richardson,27,0.27,Low
Mohsin Khan,27,0.27,Low
LPC Silva,27,0.27,Low
AN Ahmed,27,0.27,Low
TL Seifert,26,0.26,Low
T Taibu,26,0.26,Low
MD Shanaka,26,0.26,Low
SW Tait,26,0.26,Low
Sumit Kumar,26,0.26,Low
KMA Paul,26,0.26,Low
Naveen-ul-Haq,26,0.26,Low
NT Ellis,26,0.26,Low
DJ Malan,26,0.26,Low
DR Martyn,26,0.26,Low
Virat Singh,26,0.26,Low
VH Zol,26,0.26,Low
AUK Pathan,26,0.26,Low
IC Porel,26,0.26,Low
A Mithun,26,0.26,Low
MG Neser,25,0.25,Low
SS Sarkar,25,0.25,Low
Avesh Khan,25,0.25,Low
S Badree,25,0.25,Low
A Dananjaya,25,0.25,Low
A Badoni,25,0.25,Low
AA Noffke,25,0.25,Low
JM Kemp,25,0.25,Low
P Ray Barman,25,0.25,Low
HE van der Dussen,25,0.25,Low
MW Short,25,0.25,Low
KS Sharma,25,0.25,Low
NB Singh,25,0.25,Low
T Stubbs,25,0.25,Low
DAJ Bracewell,25,0.25,Low
A Zampa,25,0.25,Low
CK Kapugedera,24,0.24,Low
P Ray Barman,24,0.24,Low
GR Napier,24,0.24,Low
R Goyal,24,0.24,Low
SS Agarwal,24,0.24,Low
D Salunkhe,24,0.24,Low
V Kaverappa,24,0.24,Low
AS Roy,24,0.24,Low
J Arunkumar,24,0.24,Low
AJ Hosein,24,0.24,Low
M Prasidh Krishna,24,0.24,Low
Mustafizur Rahman,23,0.23,Low
NL McCullum,23,0.23,Low
Tilak Varma,23,0.23,Low
YV Dhull,23,0.23,Low
R Shukla,23,0.23,Low
DE Bollinger,23,0.23,Low
A Mukund,23,0.23,Low
AP Dole,23,0.23,Low
T Banton,22,0.22,Low
Sanvir Singh,22,0.22,Low
MA Khote,22,0.22,Low
GB Hogg,22,0.22,Low
Sumit Kumar,22,0.22,Low
G Coetzee,22,0.22,Low
SB Dubey,21,0.21,Low
Vivrant Sharma,21,0.21,Low
C Madan,21,0.21,Low
Tejas Baroka,21,0.21,Low
Gurnoor Brar,21,0.21,Low
KC Cariappa,21,0.21,Low
R Powell,21,0.21,Low
NJ Maddinson,21,0.21,Low
T Kohli,20,0.2,Low
A Choudhary,20,0.2,Low
Mukesh Kumar,20,0.2,Low
RV Patel,20,0.2,Low
DR Shorey,20,0.2,Low
Parvez Rasool,20,0.2,Low
Sunny Gupta,19,0.19,Low
Umar Gul,19,0.19,Low
FA Allen,19,0.19,Low
MB Parmar,19,0.19,Low
AC Thomas,19,0.19,Low
LI Meriwala,19,0.19,Low
M Ntini,19,0.19,Low
CJ Dala,19,0.19,Low
T Thushara,19,0.19,Low
DS Lehmann,19,0.19,Low
Shashank Singh,19,0.19,Low
A Nel,18,0.18,Low
RR Raje,18,0.18,Low
Y Gnaneswara Rao,18,0.18,Low
Jalaj S Saxena,18,0.18,Low
LMP Simmons,18,0.18,Low
SA Abbott,18,0.18,Low
S Sriram,18,0.18,Low
Noor Ahmad,18,0.18,Low
NJ Rimmington,18,0.18,Low
DJM Short,18,0.18,Low
IS Sodhi,18,0.18,Low
RW Price,18,0.18,Low
KS Williamson,18,0.18,Low
DB Ravi Teja,18,0.18,Low
DJ Harris,18,0.18,Low
VG Arora,17,0.17,Low
CK Kapugedera,17,0.17,Low
X Thalaivan Sargunam,17,0.17,Low
SMSM Senanayake,17,0.17,Low
CJ Green,17,0.17,Low
JJ van der Wath,17,0.17,Low
AU Rashid,17,0.17,Low
R Bishnoi,17,0.17,Low
Karanveer Singh,17,0.17,Low
Saurav Chauhan,16,0.16,Low
T Henderson,16,0.16,Low
Monu Kumar,16,0.16,Low
Kartik Tyagi,16,0.16,Low
S Rana,16,0.16,Low
GR Napier,16,0.16,Low
Yudhvir Singh,16,0.16,Low
Umran Malik,16,0.16,Low
SB Joshi,16,0.16,Low
TU Deshpande,15,0.15,Low
CJ McKay,15,0.15,Low
Mujeeb Ur Rahman,15,0.15,Low
ER Dwivedi,15,0.15,Low
NA Saini,15,0.15,Low
Gulbadin Naib,15,0.15,Low
JE Root,15,0.15,Low
UA Birla,15,0.15,Low
P Awana,14,0.14,Low
TS Mills,14,0.14,Low
AG Murtaza,14,0.14,Low
RA Bawa,14,0.14,Low
SM Harwood,14,0.14,Low
BB Sran,14,0.14,Low
Abdur Razzak,14,0.14,Low
R Sanjay Yadav,14,0.14,Low
LRPL Taylor,13,0.13,Low
B Laughlin,13,0.13,Low
SD Lad,13,0.13,Low
K Kartikeya,13,0.13,Low
D du Preez,13,0.13,Low
S Midhun,13,0.13,Low
ND Doshi,13,0.13,Low
S Vidyut,13,0.13,Low
MDKJ Perera,13,0.13,Low
Arshad Khan (2),13,0.13,Low
F Behardien,13,0.13,Low
DT Patil,13,0.13,Low
DP Nannes,13,0.13,Low
P Sahu,13,0.13,Low
JL Pattinson,13,0.13,Low
J Theron,13,0.13,Low
Fazalhaq Farooqi,13,0.13,Low
AA Kazi,13,0.13,Low
Vijaykumar Vyshak,13,0.13,Low
Harmeet Singh,12,0.12,Low
M Shahrukh Khan,12,0.12,Low
FY Fazal,12,0.12,Low
Mohit Rathee,12,0.12,Low
MJ Suthar,12,0.12,Low
PSP Handscomb,12,0.12,Low
DG Nalkande,12,0.12,Low
Mandeep Singh,12,0.12,Low
AR Bawne,12,0.12,Low
N Wadhera,12,0.12,Low
Akash Deep,12,0.12,Low
AA Noffke,12,0.12,Low
JE Root,12,0.12,Low
Mohammad Ashraful,12,0.12,Low
R Ravindra,12,0.12,Low
C Munro,12,0.12,Low
RR Bose,12,0.12,Low
RR Bhatkal,12,0.12,Low
Pankaj Singh,12,0.12,Low
TM Srivastava,11,0.11,Low
D Ferreira,11,0.11,Low
Jaskaran Singh,11,0.11,Low
BJ Haddin,11,0.11,Low
AJ Hosein,11,0.11,Low
I Udana,11,0.11,Low
AA Chavan,11,0.11,Low
S Ladda,10,0.1,Low
Sachin Baby,10,0.1,Low
A Singh,10,0.1,Low
MA Wood,10,0.1,Low
JP Behrendorff,9,0.09,Low
Ankit Soni,9,0.09,Low
Arjun Tendulkar,9,0.09,Low
KAJ Roach,9,0.09,Low
CK Langeveldt,9,0.09,Low
DAJ Bracewell,9,0.09,Low
K Upadhyay,9,0.09,Low
DNT Zoysa,9,0.09,Low
Shoaib Akhtar,8,0.08,Low
AA Kulkarni,8,0.08,Low
AN Ghosh,8,0.08,Low
D Kalyankrishna,8,0.08,Low
A Tomar,8,0.08,Low
RS Gavaskar,8,0.08,Low
KJ Abbott,8,0.08,Low
Simarjeet Singh,8,0.08,Low
A Uniyal,7,0.07,Low
M Theekshana,7,0.07,Low
BJ Rohrer,7,0.07,Low
BA Bhatt,7,0.07,Low
KK Ahmed,7,0.07,Low
SS Mundhe,7,0.07,Low
VS Malik,7,0.07,Low
GC Viljoen,7,0.07,Low
Younis Khan,7,0.07,Low
SH Johnson,7,0.07,Low
A Chandila,7,0.07,Low
SS Shaikh,7,0.07,Low
LA Carseldine,7,0.07,Low
Kumar Kushagra,7,0.07,Low
Mohammad Asif,6,0.06,Low
Aman Hakim Khan,6,0.06,Low
I Malhotra,6,0.06,Low
R Sai Kishore,6,0.06,Low
RA Tripathi,6,0.06,Low
F du Plessis,6,0.06,Low
B Chipli,6,0.06,Low
RA Shaikh,6,0.06,Low
AM Rahane,6,0.06,Low
LPC Silva,6,0.06,Low
BAW Mendis,6,0.06,Low
P Prasanth,6,0.06,Low
JPR Scantlebury-Searles,6,0.06,Low
Y Gnaneswara Rao,6,0.06,Low
Mukesh Choudhary,6,0.06,Low
Shoaib Ahmed,6,0.06,Low
SS Iyer,6,0.06,Low
SA Yadav,6,0.06,Low
C Ganapathy,6,0.06,Low
Gulbadin Naib,6,0.06,Low
RS Gavaskar,6,0.06,Low
P Chopra,6,0.06,Low
RJW Topley,6,0.06,Low
R Ninan,6,0.06,Low
GD McGrath,5,0.05,Low
HF Gurney,5,0.05,Low
V Viyaskanth,5,0.05,Low
Kamran Khan,5,0.05,Low
T Natarajan,5,0.05,Low
SJ Srivastava,5,0.05,Low
DM Bravo,5,0.05,Low
OC McCoy,5,0.05,Low
FH Edwards,5,0.05,Low
Akash Madhwal,5,0.05,Low
BR Sharath,5,0.05,Low
A Dananjaya,5,0.05,Low
H Das,5,0.05,Low
T Shamsi,4,0.04,Low
GHS Garton,4,0.04,Low
I Malhotra,4,0.04,Low
S Randiv,4,0.04,Low
JE Taylor,4,0.04,Low
K Yadav,4,0.04,Low
S Tyagi,4,0.04,Low
Liton Das,4,0.04,Low
Arshad Khan (2),4,0.04,Low
KP Appanna,4,0.04,Low
RP Meredith,3,0.03,Low
L Wood,3,0.03,Low
Shivam Singh,3,0.03,Low
BE Hendricks,3,0.03,Low
Harshit Rana,3,0.03,Low
VRV Singh,3,0.03,Low
P Parameswaran,3,0.03,Low
KMDN Kulasekara,3,0.03,Low
D Brevis,3,0.03,Low
LE Plunkett,3,0.03,Low
DJ Muthuswami,3,0.03,Low
SB Wagh,3,0.03,Low
Shivam Sharma,3,0.03,Low
KR Sen,3,0.03,Low
CRD Fernando,3,0.03,Low
M de Lange,2,0.02,Low
MJ Suthar,2,0.02,Low
R Sanjay Yadav,2,0.02,Low
RG More,2,0.02,Low
VS Yeligati,2,0.02,Low
SN Khan,2,0.02,Low
DA Warner,2,0.02,Low
IC Pandey,2,0.02,Low
RJ Gleeson,2,0.02,Low
PM Sarvesh Kumar,2,0.02,Low
SPD Smith,2,0.02,Low
L Ablish,2,0.02,Low
B Stanlake,2,0.02,Low
RS Sodhi,2,0.02,Low
SE Bond,2,0.02,Low
LB Williams,2,0.02,Low
Mashrafe Mortaza,2,0.02,Low
Mohit Rathee,2,0.02,Low
KM Asif,2,0.02,Low
KA Maharaj,2,0.02,Low
RR Bhatkal,2,0.02,Low
Abdur Razzak,2,0.02,Low
A Kamboj,2,0.02,Low
SS Cottrell,2,0.02,Low
Yash Dayal,1,0.01,Low
AC Gilchrist,1,0.01,Low
JL Denly,1,0.01,Low
U Kaul,1,0.01,Low
V Pratap Singh,1,0.01,Low
NJ Rimmington,1,0.01,Low
YBK Jaiswal,1,0.01,Low
DP Vijaykumar,1,0.01,Low
S Kaushik,1,0.01,Low
S Lamichhane,1,0.01,Low
Mayank Dagar,1,0.01,Low
SZ Mulani,1,0.01,Low
Atharva Taide,1,0.01,Low
C Nanda,1,0.01,Low
Abdul Basith,1,0.01,Low
Sunny Gupta,1,0.01,Low
YA Abdulla,1,0.01,Low
Y Prithvi Raj,1,0.01,Low
