player,Total_Balls
A Ashish Reddy,270
A Badoni,25
A Chandila,234
A Choudhary,108
A Dananjaya,25
A Flintoff,66
A Kamboj,68
A Kumble,983
A Mishra,3444
A Mithun,312
A Nehra,1974
A Nel,18
A Nortje,1097
A Singh,486
A Symonds,540
A Uniyal,38
A Zampa,425
AA Chavan,255
AA Jhunjhunwala,88
AA Kazi,13
AA Noffke,25
AB Agarkar,820
AB Dinda,1589
AB McDonald,188
AC Gilchrist,1
AC Thomas,327
AC Voges,56
AD Mascarenhas,310
AD Mathews,807
AD Russell,1771
AF Milne,217
AG Murtaza,269
AJ Finch,44
AJ Hosein,24
AJ Tye,714
AK Markram,123
AL Menaria,113
AM Nayar,239
AM Rahane,6
AM Salvi,156
AN Ahmed,362
AP Dole,73
AR Patel,3152
AS Joseph,454
AS Rajpoot,567
AS Raut,30
AS Roy,142
AU Rashid,60
AUK Pathan,41
Abdul Samad,55
Abdur Razzak,14
Abhishek Sharma,278
Akash Deep,175
Akash Madhwal,279
Akash Singh,141
Aman Hakim Khan,6
Anand Rajan,162
Ankit Sharma,375
Ankit Soni,112
Anureet Singh,430
Arjun Tendulkar,83
Arshad Khan,153
Arshad Khan (2),13
Arshdeep Singh,1453
Atharva Taide,1
Avesh Khan,1390
Azhar Mahmood,552
Azmatullah Omarzai,131
B Akhil,193
B Chipli,6
B Geeves,49
B Kumar,4060
B Laughlin,179
B Lee,916
B Stanlake,150
BA Bhatt,303
BA Stokes,723
BAW Mendis,248
BB Sran,516
BCJ Cutting,288
BE Hendricks,157
BJ Hodge,238
BJ Rohrer,7
BMAJ Mendis,30
BW Hilfenhaus,390
Basil Thampi,539
Bipul Sharma,436
C Ganapathy,6
C Green,462
C Munro,12
C Nanda,50
C Sakariya,460
C de Grandhomme,230
CH Gayle,584
CH Morris,1801
CJ Anderson,315
CJ Dala,19
CJ Green,17
CJ Jordan,717
CJ McKay,42
CK Kapugedera,17
CK Langeveldt,165
CL White,46
CR Brathwaite,266
CR Woakes,463
CRD Fernando,249
CV Varun,1624
D Brevis,3
D Jansen,28
D Kalyankrishna,50
D Pretorius,166
D Salunkhe,51
D Wiese,307
D du Preez,43
DA Warner,2
DAJ Bracewell,25
DB Ravi Teja,18
DE Bollinger,600
DG Nalkande,89
DJ Bravo,3296
DJ Harris,18
DJ Hooda,384
DJ Hussey,323
DJ Mitchell,51
DJ Muthuswami,84
DJ Thornely,44
DJ Willey,221
DJG Sammy,244
DJM Short,18
DL Chahar,1746
DL Vettori,785
DNT Zoysa,69
DP Nannes,689
DP Vijaykumar,159
DR Sams,389
DR Smith,557
DS Kulkarni,1876
DT Christian,922
DW Steyn,2282
F du Plessis,6
FA Allen,91
FH Edwards,150
FY Fazal,12
Fazalhaq Farooqi,162
G Coetzee,216
GB Hogg,466
GC Viljoen,146
GD McGrath,329
GD Phillips,31
GH Vihari,43
GHS Garton,97
GJ Maxwell,965
GR Napier,24
GS Sandhu,48
Gagandeep Singh,84
Gulbadin Naib,6
Gurkeerat Singh,82
Gurnoor Brar,21
H Sharma,30
HF Gurney,169
HH Pandya,1485
HR Shokeen,213
HV Patel,2284
Harbhajan Singh,3496
Harmeet Singh,574
Harpreet Brar,692
Harshit Rana,403
I Malhotra,6
I Sharma,2429
I Udana,182
IC Pandey,469
IC Porel,26
IK Pathan,2113
IS Sodhi,182
Imran Tahir,1340
Iqbal Abdulla,943
J Botha,709
J Little,236
J Suchith,434
J Syed Mohammad,196
J Theron,235
J Yadav,398
JA Morkel,1807
JA Richardson,94
JC Archer,987
JD Ryder,241
JD Unadkat,2194
JDP Oram,244
JDS Neesham,222
JE Root,12
JE Taylor,122
JEC Franklin,155
JH Kallis,1799
JJ Bumrah,3185
JJ van der Wath,76
JL Pattinson,222
JM Kemp,47
JO Holder,1049
JP Behrendorff,379
JP Duminy,701
JP Faulkner,1287
JPR Scantlebury-Searles,45
JR Hazlewood,622
JR Hopes,369
JW Hastings,61
Jalaj S Saxena,18
Jaskaran Singh,111
Joginder Sharma,272
K Goel,67
K Gowtham,599
K Kartikeya,241
K Khejroliya,129
K Rabada,1907
K Santokie,51
K Upadhyay,56
K Yadav,54
KA Jamieson,179
KA Maharaj,36
KA Pollard,1586
KAJ Roach,52
KC Cariappa,224
KH Pandya,2183
KJ Abbott,102
KK Ahmed,1345
KK Cooper,600
KL Nagarkoti,185
KM Asif,143
KMA Paul,180
KMDN Kulasekara,107
KP Appanna,222
KP Pietersen,180
KR Mayers,46
KR Sen,255
KS Williamson,18
KT Maphaka,39
KV Sharma,1520
KW Richardson,345
Kamran Khan,177
Karanveer Singh,213
Kartik Tyagi,458
Kuldeep Yadav,1786
L Ablish,45
L Balaji,1574
L Ngidi,342
L Wood,38
LA Carseldine,7
LB Williams,42
LE Plunkett,154
LH Ferguson,1002
LI Meriwala,19
LJ Wright,75
LMP Simmons,18
LPC Silva,6
LR Shukla,326
LRPL Taylor,13
LS Livingstone,267
Lalit Yadav,294
M Ashwin,898
M Jansen,487
M Kartik,1182
M Manhas,42
M Markande,737
M Morkel,1699
M Muralitharan,1581
M Ntini,213
M Pathirana,503
M Prasidh Krishna,1231
M Shahrukh Khan,12
M Siddharth,58
M Theekshana,631
M Vijay,37
M de Lange,116
MA Khote,30
MA Starc,879
MA Wood,127
MB Parmar,19
MC Henriques,979
MF Maharoof,441
MG Bracewell,66
MG Johnson,1301
MG Neser,25
MJ Clarke,66
MJ Henry,105
MJ McClenaghan,1346
MJ Santner,370
MJ Suthar,12
MK Lomror,94
MK Tiwary,45
MM Ali,770
MM Patel,1382
MM Sharma,2308
MN Samuels,219
MP Stoinis,831
MP Yadav,76
MR Marsh,593
MS Gony,925
MW Short,25
Mandeep Singh,12
Mashrafe Mortaza,28
Mayank Dagar,138
Mohammad Asif,199
Mohammad Hafeez,63
Mohammad Nabi,419
Mohammed Shami,2521
Mohammed Siraj,2081
Mohit Rathee,12
Mohsin Khan,507
Monu Kumar,16
Mujeeb Ur Rahman,452
Mukesh Choudhary,298
Mukesh Kumar,420
Mustafizur Rahman,1353
N Burger,105
N Rana,185
N Thushara,172
N Wadhera,12
NA Saini,15
NB Singh,25
ND Doshi,57
NJ Rimmington,18
NL McCullum,30
NLTC Perera,715
NM Coulter-Nile,892
NT Ellis,365
Naman Dhir,29
Navdeep Saini,682
Naveen-ul-Haq,407
Nithish Kumar Reddy,118
Noor Ahmad,513
O Thomas,63
OC McCoy,180
OF Smith,95
P Amarnath,132
P Awana,774
P Dubey,67
P Kumar,2637
P Negi,733
P Parameswaran,159
P Prasanth,6
P Ray Barman,24
P Sahu,107
P Suyal,107
PC Valthaty,153
PD Collingwood,90
PH Solanki,36
PJ Cummins,1370
PJ Sangwan,905
PM Sarvesh Kumar,31
PP Chawla,3895
PP Ojha,1945
PV Tambe,674
PVD Chameera,297
PWH de Silva,557
Pankaj Singh,311
Parvez Rasool,200
R Ashwin,4679
R Bhatia,1661
R Dhawan,693
R Goyal,24
R McLaren,372
R Ninan,36
R Parag,181
R Powell,21
R Rampaul,278
R Ravindra,12
R Sai Kishore,191
R Sanjay Yadav,14
R Sathish,144
R Sharma,935
R Shepherd,133
R Shukla,130
R Tewatia,866
R Vinay Kumar,2186
RA Jadeja,3895
RA Shaikh,6
RA Tripathi,6
RD Chahar,1697
RE van der Merwe,455
RG More,37
RG Sharma,349
RJ Gleeson,51
RJ Harris,865
RJ Peterson,48
RJW Topley,107
RN ten Doeschate,83
RP Meredith,415
RP Singh,1874
RR Bhatkal,12
RR Bose,12
RR Powar,443
RR Raje,144
RS Bopara,213
RS Gavaskar,6
RS Hangargekar,43
RV Gomez,97
RV Patel,20
RW Price,18
Ramandeep Singh,45
Rashid Khan,2901
Rasikh Salam,207
Ravi Bishnoi,1460
S Aravind,788
S Badree,263
S Dhawan,49
S Dube,117
S Gopal,1000
S Joseph,30
S Kaul,1238
S Kaushik,210
S Ladda,141
S Lamichhane,211
S Midhun,13
S Nadeem,1444
S Narwal,113
S Rana,16
S Randiv,180
S Sandeep Warrier,176
S Sreesanth,947
S Sriram,18
S Tyagi,220
S Vidyut,13
SA Abbott,59
SA Yadav,6
SB Bangar,153
SB Jakati,1101
SB Joshi,55
SB Styris,222
SB Wagh,108
SC Ganguly,280
SC Kuggeleijn,50
SD Chitnis,38
SE Bond,191
SE Rutherford,46
SH Johnson,99
SJ Srivastava,306
SK Raina,930
SK Trivedi,1557
SK Warne,1223
SL Malinga,2974
SM Boland,43
SM Curran,1234
SM Harwood,67
SM Pollock,280
SMSM Senanayake,195
SN Khan,2
SN Thakur,1979
SP Narine,4146
SPD Smith,2
SR Tendulkar,37
SR Watson,2137
SS Agarwal,24
SS Cottrell,131
SS Iyer,6
SS Mundhe,7
SS Sarkar,25
SSB Magala,37
ST Jayasuriya,301
STR Binny,611
SW Tait,534
SZ Mulani,33
Sachin Baby,10
Sandeep Sharma,2925
Shahbaz Ahmed,549
Shahid Afridi,185
Shakib Al Hasan,1515
Shashank Singh,19
Shivam Mavi,687
Shivam Sharma,114
Shoaib Ahmed,103
Shoaib Akhtar,46
Shoaib Malik,58
Sikandar Raza,88
Simarjeet Singh,193
Sohail Tanvir,265
Sumit Kumar,22
Sunny Gupta,19
Suyash Sharma,264
Swapnil Singh,165
T Henderson,36
T Natarajan,1401
T Shamsi,120
T Stubbs,25
T Thushara,144
TA Boult,2428
TG Southee,1262
TK Curran,252
TL Suman,152
TM Dilshan,275
TM Head,58
TP Sudhindra,74
TS Mills,218
TU Deshpande,831
Tejas Baroka,21
Tilak Varma,23
UT Yadav,3190
Umar Gul,153
Umran Malik,519
V Kaverappa,24
V Kohli,264
V Pratap Singh,211
V Sehwag,138
V Shankar,258
V Viyaskanth,60
VG Arora,418
VR Aaron,1065
VR Iyer,84
VRV Singh,371
VS Malik,212
VS Yeligati,32
VY Mahesh,359
Vijaykumar Vyshak,243
Vivrant Sharma,21
WA Mota,75
WD Parnell,758
WG Jacks,55
WPUJC Vaas,288
Washington Sundar,1064
Y Gnaneswara Rao,6
Y Nagar,72
Y Prithvi Raj,33
Y Venugopal Rao,222
YA Abdulla,222
YBK Jaiswal,1
YK Pathan,1184
YS Chahal,3628
Yash Dayal,615
Yash Thakur,432
Yudhvir Singh,74
Yuvraj Singh,882
Z Khan,2276
A Ashish Reddy,196
A Badoni,505
A Chandila,7
A Chopra,75
A Choudhary,20
A Dananjaya,5
A Flintoff,57
A Kamboj,2
A Kumble,49
A Manohar,181
A Mishra,440
A Mithun,26
A Mukund,23
A Nehra,63
A Nortje,51
A Raghuvanshi,109
A Singh,10
A Symonds,781
A Tomar,8
A Uniyal,7
A Zampa,25
AA Bilakhia,88
AA Chavan,11
AA Jhunjhunwala,218
AA Kulkarni,8
AA Noffke,12
AB Agarkar,160
AB Barath,43
AB Dinda,50
AB McDonald,103
AB de Villiers,3487
AC Blizzard,91
AC Gilchrist,1555
AC Thomas,19
AC Voges,143
AD Hales,119
AD Mascarenhas,79
AD Mathews,599
AD Nath,99
AD Russell,1515
AF Milne,31
AG Murtaza,14
AG Paunikar,61
AJ Finch,1696
AJ Hosein,11
AJ Turner,31
AJ Tye,79
AK Markram,787
AL Menaria,367
AM Nayar,588
AM Rahane,3858
AN Ahmed,27
AN Ghosh,8
AP Dole,23
AP Majumdar,77
AP Tare,285
AR Bawne,12
AR Patel,1318
AS Joseph,32
AS Rajpoot,41
AS Raut,172
AS Roy,24
AS Yadav,40
AT Carey,29
AT Rayudu,3490
AU Rashid,17
AUK Pathan,26
Abdul Basith,1
Abdul Samad,408
Abdur Razzak,2
Abhishek Sharma,925
Abishek Porel,244
Akash Deep,12
Akash Madhwal,5
Aman Hakim Khan,109
Anirudh Singh,69
Ankit Sharma,69
Ankit Soni,9
Anmolpreet Singh,117
Anuj Rawat,276
Anureet Singh,47
Arjun Tendulkar,9
Arshad Khan,67
Arshad Khan (2),4
Arshdeep Singh,42
Ashutosh Sharma,118
Atharva Taide,177
Avesh Khan,25
Azhar Mahmood,311
Azmatullah Omarzai,34
B Akhil,57
B Chipli,256
B Indrajith,31
B Kumar,338
B Laughlin,13
B Lee,102
B Sai Sudharsan,770
B Stanlake,2
B Sumanth,38
BA Bhatt,7
BA Stokes,718
BAW Mendis,6
BB McCullum,2272
BB Samantray,116
BB Sran,14
BCJ Cutting,146
BE Hendricks,3
BJ Haddin,11
BJ Hodge,1153
BJ Rohrer,146
BMAJ Mendis,27
BR Dunk,36
BR Sharath,5
Basil Thampi,37
Bipul Sharma,124
C Green,472
C Madan,21
C Munro,144
C Nanda,1
C Sakariya,31
C de Grandhomme,229
CA Ingram,183
CA Lynn,974
CA Pujara,403
CH Gayle,3516
CH Morris,413
CJ Anderson,436
CJ Ferguson,119
CJ Jordan,81
CJ McKay,15
CK Kapugedera,24
CK Langeveldt,9
CL White,774
CM Gautam,158
CR Brathwaite,120
CR Woakes,77
CRD Fernando,3
CV Varun,49
D Brevis,176
D Ferreira,11
D Kalyankrishna,8
D Padikkal,1323
D Pretorius,28
D Salunkhe,24
D Wiese,105
D du Preez,13
DA Miller,2171
DA Warner,4849
DAJ Bracewell,9
DB Das,267
DB Ravi Teja,325
DE Bollinger,23
DG Nalkande,12
DH Yagnik,142
DJ Bravo,1247
DJ Harris,103
DJ Hooda,1170
DJ Hussey,1101
DJ Jacobs,101
DJ Malan,26
DJ Mitchell,274
DJ Muthuswami,3
DJ Thornely,54
DJ Willey,64
DJG Sammy,251
DJM Short,102
DL Chahar,61
DL Vettori,118
DM Bravo,5
DNT Zoysa,9
DP Conway,669
DP Nannes,13
DP Vijaykumar,1
DPMD Jayawardene,1522
DR Martyn,26
DR Sams,48
DR Shorey,20
DR Smith,1803
DS Kulkarni,113
DS Lehmann,19
DT Christian,408
DT Patil,13
DW Steyn,163
Dhruv Jurel,237
E Lewis,499
EJG Morgan,1181
ER Dwivedi,15
F Behardien,13
F du Plessis,3435
FA Allen,19
FH Edwards,5
FY Fazal,179
Fazalhaq Farooqi,13
G Coetzee,22
G Gambhir,3524
GB Hogg,22
GC Smith,691
GC Viljoen,7
GD McGrath,5
GD Phillips,55
GH Vihari,331
GHS Garton,4
GJ Bailey,552
GJ Maxwell,1842
GR Napier,16
Gulbadin Naib,15
Gurkeerat Singh,436
H Das,5
H Klaasen,613
HC Brook,159
HE van der Dussen,25
HF Gurney,5
HH Gibbs,837
HH Pandya,1814
HM Amla,418
HR Shokeen,67
HV Patel,214
Harbhajan Singh,636
Harmeet Singh,12
Harpreet Brar,201
Harpreet Singh,119
Harshit Rana,3
I Malhotra,4
I Sharma,71
I Udana,11
IC Pandey,2
IK Pathan,985
IR Jaggi,100
IS Sodhi,18
Imran Tahir,37
Iqbal Abdulla,86
Ishan Kishan,1991
J Arunkumar,24
J Botha,364
J Fraser-McGurk,150
J Suchith,62
J Syed Mohammad,27
J Theron,13
J Yadav,38
JA Morkel,712
JA Richardson,27
JC Archer,132
JC Buttler,2519
JD Ryder,466
JD Unadkat,170
JDP Oram,110
JDS Neesham,93
JE Root,15
JE Taylor,4
JEC Franklin,309
JH Kallis,2291
JJ Bumrah,80
JJ Roy,460
JJ van der Wath,17
JL Denly,1
JL Pattinson,13
JM Bairstow,1132
JM Kemp,25
JM Sharma,501
JO Holder,217
JP Behrendorff,9
JP Duminy,1680
JP Faulkner,406
JPR Scantlebury-Searles,6
JR Hazlewood,29
JR Hopes,314
JR Philippe,80
Jaskaran Singh,11
Joginder Sharma,30
K Goel,239
K Gowtham,159
K Kartikeya,13
K Rabada,207
K Upadhyay,9
K Yadav,4
KA Jamieson,55
KA Maharaj,2
KA Pollard,2447
KAJ Roach,9
KB Arun Karthik,53
KC Cariappa,21
KC Sangakkara,1424
KD Karthik,3687
KH Pandya,1287
KJ Abbott,8
KK Ahmed,7
KK Cooper,70
KK Nair,1192
KL Nagarkoti,34
KL Rahul,3578
KM Asif,2
KM Jadhav,1012
KMA Paul,26
KMDN Kulasekara,3
KP Appanna,4
KP Pietersen,758
KR Mayers,276
KR Sen,3
KS Bharat,168
KS Sharma,25
KS Williamson,1734
KV Sharma,306
KW Richardson,39
Kamran Akmal,78
Kamran Khan,5
Karanveer Singh,17
Kartik Tyagi,16
Kuldeep Yadav,224
Kumar Kushagra,7
L Ablish,2
L Balaji,50
L Ronchi,37
L Wood,3
LA Carseldine,71
LA Pomersbach,251
LB Williams,2
LE Plunkett,3
LH Ferguson,48
LJ Wright,63
LMP Simmons,878
LPC Silva,27
LR Shukla,358
LRPL Taylor,847
LS Livingstone,609
Lalit Yadav,301
Liton Das,4
M Ashwin,50
M Jansen,71
M Kaif,258
M Kartik,109
M Klinger,78
M Manhas,486
M Markande,44
M Morkel,93
M Muralitharan,30
M Ntini,19
M Prasidh Krishna,24
M Rawat,70
M Shahrukh Khan,413
M Theekshana,7
M Vijay,2208
M Vohra,863
M de Lange,2
MA Agarwal,2081
MA Khote,22
MA Starc,109
MA Wood,10
MC Henriques,801
MC Juneja,134
MD Mishra,213
MD Shanaka,26
MDKJ Perera,13
MEK Hussey,1648
MF Maharoof,124
MG Bracewell,49
MG Johnson,168
MJ Clarke,96
MJ Guptill,197
MJ Lumb,198
MJ McClenaghan,73
MJ Santner,77
MJ Suthar,2
MK Lomror,389
MK Pandey,3288
MK Tiwary,1489
ML Hayden,839
MM Ali,849
MM Patel,41
MM Sharma,137
MN Samuels,174
MN van Wyk,135
MP Stoinis,1366
MR Marsh,532
MS Bisla,737
MS Dhoni,3947
MS Gony,76
MS Wade,185
MV Boucher,318
MW Short,99
Mandeep Singh,1418
Mashrafe Mortaza,2
Mayank Dagar,1
Misbah-ul-Haq,82
Mohammad Ashraful,12
Mohammad Asif,6
Mohammad Hafeez,84
Mohammad Nabi,157
Mohammed Shami,82
Mohammed Siraj,122
Mohit Rathee,2
Mohsin Khan,27
Mujeeb Ur Rahman,15
Mukesh Choudhary,6
Mukesh Kumar,20
Mustafizur Rahman,23
N Jagadeesan,155
N Pooran,1143
N Rana,2015
N Saini,143
N Wadhera,261
ND Doshi,13
NJ Maddinson,21
NJ Rimmington,1
NK Patel,124
NL McCullum,23
NLTC Perera,326
NM Coulter-Nile,75
NS Naik,53
NT Ellis,26
NV Ojha,1360
Naman Dhir,84
Navdeep Saini,38
Naveen-ul-Haq,26
Nithish Kumar Reddy,221
Noor Ahmad,18
OA Shah,405
OC McCoy,5
OF Smith,50
P Awana,14
P Chopra,6
P Dogra,141
P Dubey,33
P Kumar,323
P Negi,301
P Parameswaran,3
P Ray Barman,25
P Sahu,13
P Simran Singh,528
PA Patel,2442
PA Reddy,167
PBB Rajapaksa,201
PC Valthaty,432
PD Collingwood,159
PD Salt,385
PJ Cummins,359
PJ Sangwan,47
PK Garg,247
PM Sarvesh Kumar,2
PN Mankad,75
PP Chawla,580
PP Ojha,45
PP Shaw,1321
PR Shah,97
PSP Handscomb,12
PV Tambe,39
PVD Chameera,32
PWH de Silva,80
Pankaj Singh,12
Parvez Rasool,20
Q de Kock,2410
R Ashwin,698
R Bhatia,290
R Bishnoi,17
R Dhawan,188
R Dravid,1918
R McLaren,178
R Ninan,6
R Parag,909
R Powell,254
R Rampaul,52
R Ravindra,146
R Sai Kishore,6
R Sanjay Yadav,2
R Sathish,236
R Sharma,77
R Shepherd,68
R Shukla,23
R Tewatia,788
R Vinay Kumar,289
RA Bawa,14
RA Jadeja,2378
RA Tripathi,1650
RD Chahar,127
RD Gaikwad,1781
RE Levi,74
RE van der Merwe,144
RG More,2
RG Sharma,5183
RJ Gleeson,2
RJ Harris,112
RJ Peterson,32
RJ Quiney,105
RJW Topley,6
RK Bhui,27
RK Singh,654
RM Patidar,534
RN ten Doeschate,238
RP Meredith,3
RP Singh,78
RR Bhatkal,2
RR Pant,2296
RR Powar,64
RR Raje,18
RR Rossouw,321
RR Sarwan,78
RS Bopara,468
RS Gavaskar,8
RS Sodhi,2
RT Ponting,129
RV Gomez,53
RV Patel,76
RV Uthappa,3927
Rahmanullah Gurbaz,228
Ramandeep Singh,106
Rashid Khan,355
Rasikh Salam,40
Ravi Bishnoi,52
S Anirudha,121
S Aravind,59
S Badree,25
S Badrinath,1245
S Chanderpaul,33
S Dhawan,5483
S Dube,1077
S Gopal,173
S Kaul,36
S Kaushik,1
S Ladda,10
S Lamichhane,1
S Nadeem,88
S Narwal,29
S Rana,82
S Randiv,4
S Sohal,311
S Sreesanth,57
S Sriram,38
S Tyagi,4
S Vidyut,115
SA Abbott,18
SA Asnodkar,352
SA Yadav,2522
SB Bangar,58
SB Dubey,21
SB Jakati,30
SB Joshi,16
SB Styris,134
SB Wagh,3
SC Ganguly,1326
SD Chitnis,92
SD Hope,125
SD Lad,13
SE Bond,2
SE Marsh,1913
SE Rutherford,107
SH Johnson,7
SJ Srivastava,5
SK Raina,4177
SK Trivedi,61
SK Warne,219
SL Malinga,103
SM Curran,673
SM Harwood,14
SM Katich,191
SM Pollock,116
SMSM Senanayake,17
SN Khan,456
SN Thakur,228
SO Hetmyer,854
SP Fleming,171
SP Goswami,307
SP Jackson,57
SP Narine,984
SPD Smith,1999
SR Tendulkar,2044
SR Watson,2892
SS Cottrell,2
SS Iyer,2545
SS Prabhudessai,113
SS Shaikh,7
SS Tiwary,1291
ST Jayasuriya,573
STR Binny,700
SV Samson,3270
SW Billings,399
SW Tait,26
SZ Mulani,1
Sachin Baby,123
Salman Butt,172
Sameer Rizvi,43
Sandeep Sharma,73
Sanvir Singh,22
Saurav Chauhan,16
Shahbaz Ahmed,467
Shahid Afridi,46
Shakib Al Hasan,665
Shashank Singh,272
Shivam Mavi,58
Shivam Sharma,3
Shivam Singh,3
Shoaib Ahmed,6
Shoaib Akhtar,8
Shoaib Malik,49
Shubman Gill,2432
Sikandar Raza,143
Simarjeet Singh,8
Sohail Tanvir,31
Sumit Kumar,26
Sunny Gupta,1
Sunny Singh,31
Swapnil Singh,46
T Banton,22
T Henderson,16
T Kohler-Cadmore,54
T Kohli,20
T Natarajan,5
T Shamsi,4
T Stubbs,239
T Taibu,26
T Thushara,19
TA Boult,82
TD Paine,29
TG Southee,108
TH David,417
TK Curran,108
TL Seifert,26
TL Suman,587
TM Dilshan,1047
TM Head,458
TM Srivastava,11
TR Birt,59
TS Mills,14
TU Deshpande,15
Tanush Kotian,32
Tilak Varma,830
U Kaul,1
UA Birla,15
UBT Chand,314
UT Khawaja,105
UT Yadav,211
Umar Gul,19
Umran Malik,16
V Kohli,6236
V Pratap Singh,1
V Sehwag,1833
V Shankar,890
V Viyaskanth,5
VG Arora,17
VH Zol,26
VR Aaron,73
VR Iyer,1000
VRV Singh,3
VS Malik,7
VS Yeligati,2
VVS Laxman,271
VY Mahesh,28
Vijaykumar Vyshak,13
Virat Singh,26
Vishnu Vinod,58
Vivrant Sharma,49
W Jaffer,129
WA Mota,76
WD Parnell,86
WG Jacks,133
WP Saha,2368
WPUJC Vaas,73
Washington Sundar,341
X Thalaivan Sargunam,17
Y Gnaneswara Rao,18
Y Nagar,271
Y Prithvi Raj,1
Y Venugopal Rao,865
YA Abdulla,1
YBK Jaiswal,1095
YK Pathan,2334
YS Chahal,89
YV Dhull,23
YV Takawale,183
Yash Dayal,1
Yashpal Singh,67
Younis Khan,7
Yudhvir Singh,16
Yuvraj Singh,2207
Z Khan,141
